<ArrayOfArrayOfKeyValueOfstringanyType xmlns="http://schemas.microsoft.com/2003/10/Serialization/Arrays" xmlns:i="http://www.w3.org/2001/XMLSchema-instance"><ArrayOfKeyValueOfstringanyType><KeyValueOfstringanyType><Key>UserKey</Key><Value i:type="a:string" xmlns:a="http://www.w3.org/2001/XMLSchema">ddd</Value></KeyValueOfstringanyType><KeyValueOfstringanyType><Key>Id</Key><Value i:type="a:string" xmlns:a="http://www.w3.org/2001/XMLSchema"/></KeyValueOfstringanyType><KeyValueOfstringanyType><Key>UtcCreationDate</Key><Value i:type="a:dateTime" xmlns:a="http://www.w3.org/2001/XMLSchema">2011-07-05T09:41:33.5048828Z</Value></KeyValueOfstringanyType><KeyValueOfstringanyType><Key>UtcLastModificationDate</Key><Value i:type="a:dateTime" xmlns:a="http://www.w3.org/2001/XMLSchema">2011-07-07T02:21:29.4863281Z</Value></KeyValueOfstringanyType><KeyValueOfstringanyType><Key>UUID</Key><Value i:type="a:string" xmlns:a="http://www.w3.org/2001/XMLSchema">CKD2TZVSKMDLMCEF</Value></KeyValueOfstringanyType><KeyValueOfstringanyType><Key>Repository</Key><Value i:type="a:string" xmlns:a="http://www.w3.org/2001/XMLSchema">SampleSite</Value></KeyValueOfstringanyType><KeyValueOfstringanyType><Key>FolderName</Key><Value i:type="a:string" xmlns:a="http://www.w3.org/2001/XMLSchema">Comment</Value></KeyValueOfstringanyType><KeyValueOfstringanyType><Key>SchemaName</Key><Value i:type="a:string" xmlns:a="http://www.w3.org/2001/XMLSchema">Comment</Value></KeyValueOfstringanyType><KeyValueOfstringanyType><Key>Title</Key><Value i:type="a:string" xmlns:a="http://www.w3.org/2001/XMLSchema">Good article</Value></KeyValueOfstringanyType><KeyValueOfstringanyType><Key>Body</Key><Value i:type="a:string" xmlns:a="http://www.w3.org/2001/XMLSchema">This is a good article.</Value></KeyValueOfstringanyType><KeyValueOfstringanyType><Key>Name</Key><Value i:type="a:string" xmlns:a="http://www.w3.org/2001/XMLSchema">Guest</Value></KeyValueOfstringanyType><KeyValueOfstringanyType><Key>Published</Key><Value i:type="a:boolean" xmlns:a="http://www.w3.org/2001/XMLSchema">true</Value></KeyValueOfstringanyType><KeyValueOfstringanyType><Key>ParentFolder</Key><Value i:type="a:string" xmlns:a="http://www.w3.org/2001/XMLSchema">news</Value></KeyValueOfstringanyType><KeyValueOfstringanyType><Key>ParentUUID</Key><Value i:type="a:string" xmlns:a="http://www.w3.org/2001/XMLSchema">95a0861e-5019-4000-98b6-8e46efbc5ce1</Value></KeyValueOfstringanyType></ArrayOfKeyValueOfstringanyType><ArrayOfKeyValueOfstringanyType><KeyValueOfstringanyType><Key>UserKey</Key><Value i:type="a:string" xmlns:a="http://www.w3.org/2001/XMLSchema">abc</Value></KeyValueOfstringanyType><KeyValueOfstringanyType><Key>Id</Key><Value i:type="a:string" xmlns:a="http://www.w3.org/2001/XMLSchema"/></KeyValueOfstringanyType><KeyValueOfstringanyType><Key>UtcCreationDate</Key><Value i:type="a:dateTime" xmlns:a="http://www.w3.org/2001/XMLSchema">2013-07-10T07:26:11.3606577Z</Value></KeyValueOfstringanyType><KeyValueOfstringanyType><Key>UtcLastModificationDate</Key><Value i:type="a:dateTime" xmlns:a="http://www.w3.org/2001/XMLSchema">2013-07-10T07:26:11.3606577Z</Value></KeyValueOfstringanyType><KeyValueOfstringanyType><Key>UUID</Key><Value i:type="a:string" xmlns:a="http://www.w3.org/2001/XMLSchema">FCM243SBFGY9N8HU</Value></KeyValueOfstringanyType><KeyValueOfstringanyType><Key>Repository</Key><Value i:type="a:string" xmlns:a="http://www.w3.org/2001/XMLSchema">SampleSite</Value></KeyValueOfstringanyType><KeyValueOfstringanyType><Key>FolderName</Key><Value i:type="a:string" xmlns:a="http://www.w3.org/2001/XMLSchema">Comment</Value></KeyValueOfstringanyType><KeyValueOfstringanyType><Key>SchemaName</Key><Value i:type="a:string" xmlns:a="http://www.w3.org/2001/XMLSchema">Comment</Value></KeyValueOfstringanyType><KeyValueOfstringanyType><Key>Title</Key><Value i:type="a:string" xmlns:a="http://www.w3.org/2001/XMLSchema">abc</Value></KeyValueOfstringanyType><KeyValueOfstringanyType><Key>Body</Key><Value i:type="a:string" xmlns:a="http://www.w3.org/2001/XMLSchema">ddd</Value></KeyValueOfstringanyType><KeyValueOfstringanyType><Key>Name</Key><Value i:type="a:string" xmlns:a="http://www.w3.org/2001/XMLSchema">abc</Value></KeyValueOfstringanyType><KeyValueOfstringanyType><Key>Member</Key><Value i:type="a:string" xmlns:a="http://www.w3.org/2001/XMLSchema">jifeng</Value></KeyValueOfstringanyType><KeyValueOfstringanyType><Key>Published</Key><Value i:type="a:boolean" xmlns:a="http://www.w3.org/2001/XMLSchema">true</Value></KeyValueOfstringanyType><KeyValueOfstringanyType><Key>ParentFolder</Key><Value i:type="a:string" xmlns:a="http://www.w3.org/2001/XMLSchema">news</Value></KeyValueOfstringanyType><KeyValueOfstringanyType><Key>ParentUUID</Key><Value i:type="a:string" xmlns:a="http://www.w3.org/2001/XMLSchema">95a0861e-5019-4000-98b6-8e46efbc5ce1</Value></KeyValueOfstringanyType><KeyValueOfstringanyType><Key>UserId</Key><Value i:type="a:string" xmlns:a="http://www.w3.org/2001/XMLSchema">admin</Value></KeyValueOfstringanyType><KeyValueOfstringanyType><Key>Sequence</Key><Value i:type="a:int" xmlns:a="http://www.w3.org/2001/XMLSchema">1</Value></KeyValueOfstringanyType></ArrayOfKeyValueOfstringanyType></ArrayOfArrayOfKeyValueOfstringanyType>